{
	"description": "项目配置文件。",
	"packOptions": {
		"ignore": []
	},
	"setting": {
		"urlCheck": false,
		"es6": true,
		"postcss": true,
		"minified": true,
		"newFeature": true
	},
	"compileType": "miniprogram",
	"libVersion": "2.0.0",
	"appid": "wxf5679c79901cbc57",
	"projectname": "%E6%AF%95%E8%AE%BE",
	"isGameTourist": false,
	"condition": {
		"search": {
			"current": -1,
			"list": []
		},
		"conversation": {
			"current": -1,
			"list": []
		},
		"plugin": {
			"current": -1,
			"list": []
		},
		"game": {
			"currentL": -1,
			"list": []
		},
		"miniprogram": {
			"current": -1,
			"list": [
				{
					"id": 0,
					"name": "扫描二维码",
					"pathName": "pages/qrcode/qrocde",
					"query": "id=25",
					"scene": "1011"
				},
				{
					"id": 1,
					"name": "select",
					"pathName": "pages/select/select",
					"query": "id=26",
					"scene": "1011"
				},
				{
					"id": 2,
					"name": "room",
					"pathName": "pages/room/room",
					"query": "room_id=26",
					"scene": "1011"
				}
			]
		}
	}
}